Duration,Sample Rate,RMS,Min,Max
154000.0,154000.0,154000.0,154000.0,154000.0
8.835390679977618,22050.0,0.08684206008911133,-0.5748997330665588,0.5847674608230591
5.885212282470234,0.0,0.05281712859869003,0.2471417635679245,0.24524380266666412
0.22399092970521542,22050.0,0.0009124570642597973,-1.0,0.015838623046875
5.212913832199547,22050.0,0.050107802264392376,-0.7832717895507812,0.377655029296875
7.976780045351474,22050.0,0.07407667860388756,-0.554046630859375,0.56011962890625
11.309977324263038,22050.0,0.11549579352140427,-0.3558349609375,0.79034423828125
257.6391836734694,22050.0,0.835761308670044,-0.017608642578125,0.999969482421875
